{"valueType":"nodes","values":[{"_typeName":"Document","id":"cjqm7lirq00sh0740clb48905","updatedAt":"2019-01-07T12:47:39.843Z","value":{"object":"value","document":{"object":"document","data":{"lastSaved":"2019-01-07T12:47:39.799Z"},"nodes":[{"object":"block","type":"title","data":{},"nodes":[{"object":"text","leaves":[{"object":"leaf","text":"The title","marks":[]}]}]},{"object":"block","type":"section","data":{"isVisible":true},"nodes":[{"object":"block","type":"p","data":{},"nodes":[{"object":"text","leaves":[{"object":"leaf","text":"The content","marks":[]}]}]},{"object":"block","type":"p","data":{},"nodes":[{"object":"text","leaves":[{"object":"leaf","text":"","marks":[]}]}]},{"object":"block","type":"multiple-choice","data":{},"nodes":[{"object":"block","type":"multiple-choice-question","data":{},"nodes":[{"object":"text","leaves":[{"object":"leaf","text":"TestFrage??","marks":[]}]}]},{"object":"block","type":"multiple-choice-answer","data":{"id":"cjqm8clxg00xb0740v5u3aodo"},"nodes":[{"object":"text","leaves":[{"object":"leaf","text":"Testantwort","marks":[]}]}]},{"object":"block","type":"multiple-choice-answer","data":{"id":"cjqm8cypj00xr0740wls66t00"},"nodes":[{"object":"text","leaves":[{"object":"leaf","text":"ASDf","marks":[]}]}]}]},{"object":"block","type":"p","data":{},"nodes":[{"object":"text","leaves":[{"object":"leaf","text":"","marks":[]}]}]}]},{"object":"block","type":"section","data":{"isVisible":true},"nodes":[{"object":"block","type":"p","data":{},"nodes":[{"object":"text","leaves":[{"object":"leaf","text":"","marks":[]}]}]}]}]}},"createdAt":"2019-01-07T10:54:35.846Z"},{"_typeName":"MultipleChoiceAnswer","id":"cjqm8ouws00z30740axrvzglu","createdAt":"2019-01-07T11:25:11.164Z","isCorrect":false,"updatedAt":"2019-01-07T11:25:11.164Z"},{"_typeName":"User","id":"cjqm7kzfz00se0740wseb0g4k","name":"Bob the Teacher","updatedAt":"2019-01-07T10:54:10.791Z","isTeacher":true,"createdAt":"2019-01-07T10:54:10.791Z"},{"_typeName":"User","id":"cjqme9meo010e07400rxnzor6","name":"Billy the Kid","updatedAt":"2019-01-07T14:01:17.995Z","isTeacher":false,"createdAt":"2019-01-07T14:01:17.995Z"}]}