{"valueType":"relations","values":[[{"_typeName":"MultipleChoiceSubmission","id":"cjqs2ivct006k0a9781yb9gmw"},{"_typeName":"MultipleChoiceAnswer","id":"cjqs2il3u00530a97x5lx923x","fieldName":"multipleChoiceSubmissions"}],[{"_typeName":"MultipleChoiceSubmission","id":"cjqs2mteh008i0a971b3e07cr"},{"_typeName":"MultipleChoiceAnswer","id":"cjqs2il3u00530a97x5lx923x","fieldName":"multipleChoiceSubmissions"}],[{"_typeName":"MultipleChoiceSubmission","id":"cjqs2iymx007k0a97nzwkqhwr"},{"_typeName":"MultipleChoiceAnswer","id":"cjqs2imc1005a0a974gk9k3sn","fieldName":"multipleChoiceSubmissions"}],[{"_typeName":"MultipleChoiceSubmission","id":"cjqs49zec00e90a97gi2q1bv9"},{"_typeName":"MultipleChoiceAnswer","id":"cjqs2imc1005a0a974gk9k3sn","fieldName":"multipleChoiceSubmissions"}],[{"_typeName":"MultipleChoiceSubmission","id":"cjqs2iwf300720a97202mec6k"},{"_typeName":"MultipleChoiceAnswer","id":"cjqs2ioy9005p0a97arloebul","fieldName":"multipleChoiceSubmissions"}],[{"_typeName":"MultipleChoiceSubmission","id":"cjqs4a05900et0a979y8a34ya"},{"_typeName":"MultipleChoiceAnswer","id":"cjqs2ioy9005p0a97arloebul","fieldName":"multipleChoiceSubmissions"}],[{"_typeName":"MultipleChoiceSubmission","id":"cjqsffuo904rr0a978703qdvk"},{"_typeName":"MultipleChoiceAnswer","id":"cjqs5ykbt012a0a9769yqo7d7","fieldName":"multipleChoiceSubmissions"}],[{"_typeName":"MultipleChoiceSubmission","id":"cjqs6dz8c01kf0a97d9vi01op"},{"_typeName":"MultipleChoiceAnswer","id":"cjqs6disb01hd0a97u0z615ry","fieldName":"multipleChoiceSubmissions"}],[{"_typeName":"MultipleChoiceSubmission","id":"cjqs6dylw01jx0a97btljlb5h"},{"_typeName":"MultipleChoiceAnswer","id":"cjqs6dshc01ib0a97p21qvrus","fieldName":"multipleChoiceSubmissions"}],[{"_typeName":"MultipleChoiceSubmission","id":"cjqshsvhk04y10a97l5qv3n11"},{"_typeName":"MultipleChoiceAnswer","id":"cjqsfkk0m04wo0a97k6lk7o4b","fieldName":"multipleChoiceSubmissions"}],[{"_typeName":"MultipleChoiceSubmission","id":"cjqsivuvd052d0a978d9rbe1j"},{"_typeName":"MultipleChoiceAnswer","id":"cjqsivd1z050a0a97qcu3x7m0","fieldName":"multipleChoiceSubmissions"}],[{"_typeName":"MultipleChoiceSubmission","id":"cjqsivyji054h0a97wtgpov90"},{"_typeName":"MultipleChoiceAnswer","id":"cjqsivj74050p0a97haicms3t","fieldName":"multipleChoiceSubmissions"}],[{"_typeName":"MultipleChoiceSubmission","id":"cjqsivxbh053v0a97jfvko5p6"},{"_typeName":"MultipleChoiceAnswer","id":"cjqsivkrl050w0a976wjpey97","fieldName":"multipleChoiceSubmissions"}],[{"_typeName":"MultipleChoiceSubmission","id":"cjqsivvzk052v0a97ttrvmna8"},{"_typeName":"MultipleChoiceAnswer","id":"cjqsivltk05130a97gza9piy7","fieldName":"multipleChoiceSubmissions"}],[{"_typeName":"MultipleChoiceSubmission","id":"cjqsivwsh053d0a97qe0syzsg"},{"_typeName":"MultipleChoiceAnswer","id":"cjqsivooh051e0a97rwgyz00r","fieldName":"multipleChoiceSubmissions"}],[{"_typeName":"MultipleChoiceSubmission","id":"cjqsizvqy058n0a97wq3hvynl"},{"_typeName":"MultipleChoiceAnswer","id":"cjqsizo0z057e0a974akaz4td","fieldName":"multipleChoiceSubmissions"}],[{"_typeName":"MultipleChoiceSubmission","id":"cjqsj2tue05cm0a97buu08cts"},{"_typeName":"MultipleChoiceAnswer","id":"cjqsj2fqp05b70a97hcmspp6c","fieldName":"multipleChoiceSubmissions"}],[{"_typeName":"MultipleChoiceSubmission","id":"cjqsjh32k05ev0a9728vbmk4h"},{"_typeName":"MultipleChoiceAnswer","id":"cjqsjg1ak05dw0a97qp9vw9qw","fieldName":"multipleChoiceSubmissions"}],[{"_typeName":"MultipleChoiceSubmission","id":"cjqsjilcc05hl0a971h3fvg9d"},{"_typeName":"MultipleChoiceAnswer","id":"cjqsjihke05gk0a97m1y4i7fg","fieldName":"multipleChoiceSubmissions"}],[{"_typeName":"MultipleChoiceSubmission","id":"cjqsjjgem05j00a97rp2ebvca"},{"_typeName":"MultipleChoiceAnswer","id":"cjqsjjde305ih0a9743h7g5jl","fieldName":"multipleChoiceSubmissions"}],[{"_typeName":"MultipleChoiceSubmission","id":"cjqsjkbca05kz0a97pddgmqfy"},{"_typeName":"MultipleChoiceAnswer","id":"cjqsjk7fz05kg0a97m2623wsn","fieldName":"multipleChoiceSubmissions"}],[{"_typeName":"MultipleChoiceSubmission","id":"cjqzhlp6s01rh0897i37us2s4"},{"_typeName":"MultipleChoiceAnswer","id":"cjqvg29ch01i10b97o2od25nq","fieldName":"multipleChoiceSubmissions"}],[{"_typeName":"MultipleChoiceSubmission","id":"cjqzhqdvq01vx0897n34vnxji"},{"_typeName":"MultipleChoiceAnswer","id":"cjqvg29ch01i10b97o2od25nq","fieldName":"multipleChoiceSubmissions"}],[{"_typeName":"MultipleChoiceSubmission","id":"cjqzhlp5k01qq0897r2231wkk"},{"_typeName":"MultipleChoiceAnswer","id":"cjqvg2jmj01iw0b97982t0t4m","fieldName":"multipleChoiceSubmissions"}],[{"_typeName":"MultipleChoiceSubmission","id":"cjqzhqe3z01xm0897rl2lkryx"},{"_typeName":"MultipleChoiceAnswer","id":"cjqvg2jmj01iw0b97982t0t4m","fieldName":"multipleChoiceSubmissions"}],[{"_typeName":"MultipleChoiceSubmission","id":"cjqzhloy801qf0897047guvtw"},{"_typeName":"MultipleChoiceAnswer","id":"cjqvg2prv01jn0b97ir75r2o3","fieldName":"multipleChoiceSubmissions"}],[{"_typeName":"MultipleChoiceSubmission","id":"cjqzhqe3y01xg0897t1zd2724"},{"_typeName":"MultipleChoiceAnswer","id":"cjqvg2prv01jn0b97ir75r2o3","fieldName":"multipleChoiceSubmissions"}],[{"_typeName":"MultipleChoiceSubmission","id":"cjqzhlpuf01sa0897ioi4gu2r"},{"_typeName":"MultipleChoiceAnswer","id":"cjqvg35t701ku0b975ept4kty","fieldName":"multipleChoiceSubmissions"}],[{"_typeName":"MultipleChoiceSubmission","id":"cjqzhqe2y01wt0897vkfuz539"},{"_typeName":"MultipleChoiceAnswer","id":"cjqvg35t701ku0b975ept4kty","fieldName":"multipleChoiceSubmissions"}],[{"_typeName":"MultipleChoiceSubmission","id":"cjqzhlpud01s50897yzaweac4"},{"_typeName":"MultipleChoiceAnswer","id":"cjqvg3dd101ll0b97h4e2hdqq","fieldName":"multipleChoiceSubmissions"}],[{"_typeName":"MultipleChoiceSubmission","id":"cjqzhqe2y01wp0897yw9p8wr3"},{"_typeName":"MultipleChoiceAnswer","id":"cjqvg3dd101ll0b97h4e2hdqq","fieldName":"multipleChoiceSubmissions"}],[{"_typeName":"MultipleChoiceSubmission","id":"cjqxsc2ij00fj0797pjqbbjed"},{"_typeName":"MultipleChoiceAnswer","id":"cjqvg5z8p01s90b978w5we69d","fieldName":"multipleChoiceSubmissions"}],[{"_typeName":"User","id":"cjqm7kzfz00se0740wseb0g4k"},{"_typeName":"Document","id":"cjqm7lirq00sh0740clb48905","fieldName":"users"}],[{"_typeName":"User","id":"cjqme9meo010e07400rxnzor6"},{"_typeName":"Document","id":"cjqm7lirq00sh0740clb48905","fieldName":"users"}],[{"_typeName":"User","id":"cjqs2hgzw00340a97p3vry9v1"},{"_typeName":"Document","id":"cjqu031kp06b40a97py6yfeqe","fieldName":"users"}],[{"_typeName":"User","id":"cjqs2c7d1001k0a97fvch4qjh"},{"_typeName":"MultipleChoiceSubmission","id":"cjqs2ivct006k0a9781yb9gmw","fieldName":"author"}],[{"_typeName":"User","id":"cjqs2c7d1001k0a97fvch4qjh"},{"_typeName":"MultipleChoiceSubmission","id":"cjqs2iwf300720a97202mec6k","fieldName":"author"}],[{"_typeName":"User","id":"cjqs2c7d1001k0a97fvch4qjh"},{"_typeName":"MultipleChoiceSubmission","id":"cjqs2iymx007k0a97nzwkqhwr","fieldName":"author"}],[{"_typeName":"User","id":"cjqs2hgzw00340a97p3vry9v1"},{"_typeName":"MultipleChoiceSubmission","id":"cjqs2mteh008i0a971b3e07cr","fieldName":"author"}],[{"_typeName":"User","id":"cjqs2hgzw00340a97p3vry9v1"},{"_typeName":"MultipleChoiceSubmission","id":"cjqs49zec00e90a97gi2q1bv9","fieldName":"author"}],[{"_typeName":"User","id":"cjqs2hgzw00340a97p3vry9v1"},{"_typeName":"MultipleChoiceSubmission","id":"cjqs4a05900et0a979y8a34ya","fieldName":"author"}],[{"_typeName":"User","id":"cjqs2hgzw00340a97p3vry9v1"},{"_typeName":"MultipleChoiceSubmission","id":"cjqs6dylw01jx0a97btljlb5h","fieldName":"author"}],[{"_typeName":"User","id":"cjqs2hgzw00340a97p3vry9v1"},{"_typeName":"MultipleChoiceSubmission","id":"cjqs6dz8c01kf0a97d9vi01op","fieldName":"author"}],[{"_typeName":"User","id":"cjqs2hgzw00340a97p3vry9v1"},{"_typeName":"MultipleChoiceSubmission","id":"cjqsffuo904rr0a978703qdvk","fieldName":"author"}],[{"_typeName":"User","id":"cjqs2hgzw00340a97p3vry9v1"},{"_typeName":"MultipleChoiceSubmission","id":"cjqshsvhk04y10a97l5qv3n11","fieldName":"author"}],[{"_typeName":"User","id":"cjqs2hgzw00340a97p3vry9v1"},{"_typeName":"MultipleChoiceSubmission","id":"cjqsivuvd052d0a978d9rbe1j","fieldName":"author"}],[{"_typeName":"User","id":"cjqs2hgzw00340a97p3vry9v1"},{"_typeName":"MultipleChoiceSubmission","id":"cjqsivvzk052v0a97ttrvmna8","fieldName":"author"}],[{"_typeName":"User","id":"cjqs2hgzw00340a97p3vry9v1"},{"_typeName":"MultipleChoiceSubmission","id":"cjqsivwsh053d0a97qe0syzsg","fieldName":"author"}],[{"_typeName":"User","id":"cjqs2hgzw00340a97p3vry9v1"},{"_typeName":"MultipleChoiceSubmission","id":"cjqsivxbh053v0a97jfvko5p6","fieldName":"author"}],[{"_typeName":"User","id":"cjqs2hgzw00340a97p3vry9v1"},{"_typeName":"MultipleChoiceSubmission","id":"cjqsivyji054h0a97wtgpov90","fieldName":"author"}],[{"_typeName":"User","id":"cjqs2hgzw00340a97p3vry9v1"},{"_typeName":"MultipleChoiceSubmission","id":"cjqsizvqy058n0a97wq3hvynl","fieldName":"author"}],[{"_typeName":"User","id":"cjqs2hgzw00340a97p3vry9v1"},{"_typeName":"MultipleChoiceSubmission","id":"cjqsj2tue05cm0a97buu08cts","fieldName":"author"}],[{"_typeName":"User","id":"cjqs2hgzw00340a97p3vry9v1"},{"_typeName":"MultipleChoiceSubmission","id":"cjqsjh32k05ev0a9728vbmk4h","fieldName":"author"}],[{"_typeName":"User","id":"cjqs2hgzw00340a97p3vry9v1"},{"_typeName":"MultipleChoiceSubmission","id":"cjqsjilcc05hl0a971h3fvg9d","fieldName":"author"}],[{"_typeName":"User","id":"cjqs2hgzw00340a97p3vry9v1"},{"_typeName":"MultipleChoiceSubmission","id":"cjqsjjgem05j00a97rp2ebvca","fieldName":"author"}],[{"_typeName":"User","id":"cjqs2hgzw00340a97p3vry9v1"},{"_typeName":"MultipleChoiceSubmission","id":"cjqsjkbca05kz0a97pddgmqfy","fieldName":"author"}],[{"_typeName":"User","id":"cjqs2c7d1001k0a97fvch4qjh"},{"_typeName":"MultipleChoiceSubmission","id":"cjqxsc2ij00fj0797pjqbbjed","fieldName":"author"}],[{"_typeName":"User","id":"cjqm7kzfz00se0740wseb0g4k"},{"_typeName":"MultipleChoiceSubmission","id":"cjqzhloy801qf0897047guvtw","fieldName":"author"}],[{"_typeName":"User","id":"cjqm7kzfz00se0740wseb0g4k"},{"_typeName":"MultipleChoiceSubmission","id":"cjqzhlp5k01qq0897r2231wkk","fieldName":"author"}],[{"_typeName":"User","id":"cjqm7kzfz00se0740wseb0g4k"},{"_typeName":"MultipleChoiceSubmission","id":"cjqzhlp6801r008972ubcja2k","fieldName":"author"}],[{"_typeName":"User","id":"cjqm7kzfz00se0740wseb0g4k"},{"_typeName":"MultipleChoiceSubmission","id":"cjqzhlp6r01rd08979nqi5kss","fieldName":"author"}],[{"_typeName":"User","id":"cjqm7kzfz00se0740wseb0g4k"},{"_typeName":"MultipleChoiceSubmission","id":"cjqzhlp6s01rh0897i37us2s4","fieldName":"author"}],[{"_typeName":"User","id":"cjqm7kzfz00se0740wseb0g4k"},{"_typeName":"MultipleChoiceSubmission","id":"cjqzhlpud01s50897yzaweac4","fieldName":"author"}],[{"_typeName":"User","id":"cjqm7kzfz00se0740wseb0g4k"},{"_typeName":"MultipleChoiceSubmission","id":"cjqzhlpue01s40897hb89fcv9","fieldName":"author"}],[{"_typeName":"User","id":"cjqm7kzfz00se0740wseb0g4k"},{"_typeName":"MultipleChoiceSubmission","id":"cjqzhlpuf01sa0897ioi4gu2r","fieldName":"author"}],[{"_typeName":"User","id":"cjqme9meo010e07400rxnzor6"},{"_typeName":"MultipleChoiceSubmission","id":"cjqzhqdvq01vx0897n34vnxji","fieldName":"author"}],[{"_typeName":"User","id":"cjqme9meo010e07400rxnzor6"},{"_typeName":"MultipleChoiceSubmission","id":"cjqzhqe2v01wh0897dl7y9k68","fieldName":"author"}],[{"_typeName":"User","id":"cjqme9meo010e07400rxnzor6"},{"_typeName":"MultipleChoiceSubmission","id":"cjqzhqe2y01wp0897yw9p8wr3","fieldName":"author"}],[{"_typeName":"User","id":"cjqme9meo010e07400rxnzor6"},{"_typeName":"MultipleChoiceSubmission","id":"cjqzhqe2y01wt0897vkfuz539","fieldName":"author"}],[{"_typeName":"User","id":"cjqme9meo010e07400rxnzor6"},{"_typeName":"MultipleChoiceSubmission","id":"cjqzhqe3y01xg0897t1zd2724","fieldName":"author"}],[{"_typeName":"User","id":"cjqme9meo010e07400rxnzor6"},{"_typeName":"MultipleChoiceSubmission","id":"cjqzhqe3z01xh0897htfc0cr3","fieldName":"author"}],[{"_typeName":"User","id":"cjqme9meo010e07400rxnzor6"},{"_typeName":"MultipleChoiceSubmission","id":"cjqzhqe3z01xm0897rl2lkryx","fieldName":"author"}],[{"_typeName":"User","id":"cjqme9meo010e07400rxnzor6"},{"_typeName":"MultipleChoiceSubmission","id":"cjqzhqe4501y00897tar1sfft","fieldName":"author"}],[{"_typeName":"User","id":"cjqme9meo010e07400rxnzor6"},{"_typeName":"MultipleChoiceSubmission","id":"cjr1whsjz00nu0797zb5mcc4f","fieldName":"author"}],[{"_typeName":"User","id":"cjqme9meo010e07400rxnzor6"},{"_typeName":"MultipleChoiceSubmission","id":"cjr1wht2800o20797bouxf0yj","fieldName":"author"}],[{"_typeName":"User","id":"cjqme9meo010e07400rxnzor6"},{"_typeName":"MultipleChoiceSubmission","id":"cjr1woi8p00qp0797e5oo089o","fieldName":"author"}],[{"_typeName":"User","id":"cjqme9meo010e07400rxnzor6"},{"_typeName":"MultipleChoiceSubmission","id":"cjr1woi8p00qq0797r9lp0vgw","fieldName":"author"}],[{"_typeName":"User","id":"cjqm7kzfz00se0740wseb0g4k"},{"_typeName":"MultipleChoiceSubmission","id":"cjr1wt1bl00s9079726ceptkc","fieldName":"author"}],[{"_typeName":"User","id":"cjqm7kzfz00se0740wseb0g4k"},{"_typeName":"MultipleChoiceSubmission","id":"cjr1wt1bl00sc079743t6bojs","fieldName":"author"}],[{"_typeName":"User","id":"cjqme9meo010e07400rxnzor6"},{"_typeName":"MultipleChoiceSubmission","id":"cjr1wt70g00ta0797zjkt1345","fieldName":"author"}],[{"_typeName":"User","id":"cjqme9meo010e07400rxnzor6"},{"_typeName":"MultipleChoiceSubmission","id":"cjr1wt70h00te0797h3i3fjhl","fieldName":"author"}],[{"_typeName":"User","id":"cjqme9meo010e07400rxnzor6"},{"_typeName":"MultipleChoiceSubmission","id":"cjr1wzi8y00w507976x35owq0","fieldName":"author"}],[{"_typeName":"User","id":"cjqme9meo010e07400rxnzor6"},{"_typeName":"MultipleChoiceSubmission","id":"cjr1wzi8z00w70797ln6qo062","fieldName":"author"}],[{"_typeName":"User","id":"cjqme9meo010e07400rxnzor6"},{"_typeName":"MultipleChoiceSubmission","id":"cjr1wzif500wh0797owkrtcq0","fieldName":"author"}],[{"_typeName":"User","id":"cjqme9meo010e07400rxnzor6"},{"_typeName":"MultipleChoiceSubmission","id":"cjr1x9u3800y70797mujqtkgf","fieldName":"author"}],[{"_typeName":"User","id":"cjqme9meo010e07400rxnzor6"},{"_typeName":"MultipleChoiceSubmission","id":"cjr1x9ua400yn0797x6bofmv7","fieldName":"author"}],[{"_typeName":"User","id":"cjqme9meo010e07400rxnzor6"},{"_typeName":"MultipleChoiceSubmission","id":"cjr1x9ua400yq0797t88k9zxp","fieldName":"author"}],[{"_typeName":"User","id":"cjqm7kzfz00se0740wseb0g4k"},{"_typeName":"MultipleChoiceSubmission","id":"cjr1xa2qa0106079707xtao4b","fieldName":"author"}],[{"_typeName":"User","id":"cjqm7kzfz00se0740wseb0g4k"},{"_typeName":"MultipleChoiceSubmission","id":"cjr1xa2rl010q0797frppqe1u","fieldName":"author"}],[{"_typeName":"User","id":"cjqm7kzfz00se0740wseb0g4k"},{"_typeName":"MultipleChoiceSubmission","id":"cjr1xa2rl010r07979pda8er0","fieldName":"author"}],[{"_typeName":"User","id":"cjqme9meo010e07400rxnzor6"},{"_typeName":"MultipleChoiceSubmission","id":"cjr1xa870011z0797fq9xzzl1","fieldName":"author"}],[{"_typeName":"User","id":"cjqme9meo010e07400rxnzor6"},{"_typeName":"MultipleChoiceSubmission","id":"cjr1xa87001200797gu9g2h0l","fieldName":"author"}],[{"_typeName":"User","id":"cjqme9meo010e07400rxnzor6"},{"_typeName":"MultipleChoiceSubmission","id":"cjr1xa87101240797dfa2mqpu","fieldName":"author"}],[{"_typeName":"User","id":"cjqm7kzfz00se0740wseb0g4k"},{"_typeName":"MultipleChoiceSubmission","id":"cjr1xb9pe014t0797570t6hja","fieldName":"author"}],[{"_typeName":"User","id":"cjqm7kzfz00se0740wseb0g4k"},{"_typeName":"MultipleChoiceSubmission","id":"cjr1xb9u1015907975537lhx1","fieldName":"author"}],[{"_typeName":"User","id":"cjqme9meo010e07400rxnzor6"},{"_typeName":"MultipleChoiceSubmission","id":"cjr1xbe6g015y07973dx5fqhn","fieldName":"author"}],[{"_typeName":"User","id":"cjqme9meo010e07400rxnzor6"},{"_typeName":"MultipleChoiceSubmission","id":"cjr1xbekv016f0797zsmwpm8p","fieldName":"author"}],[{"_typeName":"User","id":"cjqm7kzfz00se0740wseb0g4k"},{"_typeName":"MultipleChoiceSubmission","id":"cjr1xblw001770797ymeqokyc","fieldName":"author"}],[{"_typeName":"User","id":"cjqm7kzfz00se0740wseb0g4k"},{"_typeName":"MultipleChoiceSubmission","id":"cjr1xbmw3017p0797xrf37sxg","fieldName":"author"}],[{"_typeName":"User","id":"cjqme9meo010e07400rxnzor6"},{"_typeName":"MultipleChoiceSubmission","id":"cjr1xpkov01b20797jme0xxss","fieldName":"author"}],[{"_typeName":"User","id":"cjqme9meo010e07400rxnzor6"},{"_typeName":"MultipleChoiceSubmission","id":"cjr1xpkov01b307972u9b60h9","fieldName":"author"}],[{"_typeName":"User","id":"cjqm7kzfz00se0740wseb0g4k"},{"_typeName":"MultipleChoiceSubmission","id":"cjr1xpquz01cu0797hgeftdqu","fieldName":"author"}],[{"_typeName":"User","id":"cjqm7kzfz00se0740wseb0g4k"},{"_typeName":"MultipleChoiceSubmission","id":"cjr1xpqv401cz079701tug1mw","fieldName":"author"}],[{"_typeName":"User","id":"cjqme9meo010e07400rxnzor6"},{"_typeName":"MultipleChoiceSubmission","id":"cjr1xpurv01ea0797o96uewe9","fieldName":"author"}],[{"_typeName":"User","id":"cjqme9meo010e07400rxnzor6"},{"_typeName":"MultipleChoiceSubmission","id":"cjr1xpurz01eg0797giwz09u6","fieldName":"author"}],[{"_typeName":"User","id":"cjqme9meo010e07400rxnzor6"},{"_typeName":"MultipleChoiceSubmission","id":"cjr1xq1uu01ge0797t2nsq1h7","fieldName":"author"}],[{"_typeName":"User","id":"cjqme9meo010e07400rxnzor6"},{"_typeName":"MultipleChoiceSubmission","id":"cjr1xq1uw01gi0797364ocj4b","fieldName":"author"}],[{"_typeName":"User","id":"cjqme9meo010e07400rxnzor6"},{"_typeName":"MultipleChoiceSubmission","id":"cjr1xq9d301jg0797bn4b5p7b","fieldName":"author"}],[{"_typeName":"User","id":"cjqme9meo010e07400rxnzor6"},{"_typeName":"MultipleChoiceSubmission","id":"cjr1xq9e001jz07970f7dndpr","fieldName":"author"}],[{"_typeName":"User","id":"cjqme9meo010e07400rxnzor6"},{"_typeName":"MultipleChoiceSubmission","id":"cjr1xrjc401l407978v7c3vzi","fieldName":"author"}],[{"_typeName":"User","id":"cjqme9meo010e07400rxnzor6"},{"_typeName":"MultipleChoiceSubmission","id":"cjr1xrjc801la0797q354x0ir","fieldName":"author"}],[{"_typeName":"User","id":"cjqme9meo010e07400rxnzor6"},{"_typeName":"MultipleChoiceSubmission","id":"cjr20zv0g02mr0797u33vilmt","fieldName":"author"}],[{"_typeName":"User","id":"cjqme9meo010e07400rxnzor6"},{"_typeName":"MultipleChoiceSubmission","id":"cjr20zv5h02n50797ezcpu060","fieldName":"author"}],[{"_typeName":"User","id":"cjqme9meo010e07400rxnzor6"},{"_typeName":"MultipleChoiceSubmission","id":"cjr20zxwv02nx0797xeygvgit","fieldName":"author"}],[{"_typeName":"User","id":"cjqme9meo010e07400rxnzor6"},{"_typeName":"MultipleChoiceSubmission","id":"cjr20zy4v02of079700k09ny1","fieldName":"author"}],[{"_typeName":"User","id":"cjqm7kzfz00se0740wseb0g4k"},{"_typeName":"MultipleChoiceSubmission","id":"cjr215h5602xg079731r0r7ef","fieldName":"author"}],[{"_typeName":"User","id":"cjqm7kzfz00se0740wseb0g4k"},{"_typeName":"MultipleChoiceSubmission","id":"cjr215h5r02xn07978skwlqs2","fieldName":"author"}],[{"_typeName":"User","id":"cjqm7kzfz00se0740wseb0g4k"},{"_typeName":"MultipleChoiceSubmission","id":"cjr215h5t02xu0797jzm9v77w","fieldName":"author"}],[{"_typeName":"User","id":"cjqm7kzfz00se0740wseb0g4k"},{"_typeName":"MultipleChoiceSubmission","id":"cjr215h5u02xy07973q5oo1md","fieldName":"author"}]]}