{"valueType":"nodes","values":[{"_typeName":"Document","id":"cjpcys08y002607989geb9ttk","updatedAt":"2018-12-12T17:39:00.935Z","value":"{\"object\":\"value\",\"document\":{\"object\":\"document\",\"data\":{\"lastSaved\":\"2018-12-12T17:39:00.854Z\"},\"nodes\":[{\"object\":\"block\",\"type\":\"title\",\"data\":{},\"nodes\":[{\"object\":\"text\",\"leaves\":[{\"object\":\"leaf\",\"text\":\"The Title\",\"marks\":[]}]}]},{\"object\":\"block\",\"type\":\"section\",\"data\":{\"isVisible\":true},\"nodes\":[{\"object\":\"block\",\"type\":\"p\",\"data\":{},\"nodes\":[{\"object\":\"text\",\"leaves\":[{\"object\":\"leaf\",\"text\":\"The Content.\",\"marks\":[]}]}]}]},{\"object\":\"block\",\"type\":\"section\",\"data\":{\"isVisible\":true},\"nodes\":[{\"object\":\"block\",\"type\":\"p\",\"data\":{},\"nodes\":[{\"object\":\"text\",\"leaves\":[{\"object\":\"leaf\",\"text\":\"\",\"marks\":[]}]}]}]}]}}","createdAt":"2018-12-06T18:58:03.970Z"},{"_typeName":"User","id":"cjpcyqzsr00230798e5nwrwy5","name":"Bob the Teacher","updatedAt":"2018-12-06T18:57:16.729Z","isTeacher":true,"createdAt":"2018-12-06T18:57:16.729Z"}]}