{"valueType":"nodes","values":[{"_typeName":"Document","id":"cjqm7lirq00sh0740clb48905","updatedAt":"2019-01-07T11:11:11.674Z","value":{"object":"value","document":{"object":"document","data":{"lastSaved":"2019-01-07T11:11:11.630Z"},"nodes":[{"object":"block","type":"title","data":{},"nodes":[{"object":"text","leaves":[{"object":"leaf","text":"The title","marks":[]}]}]},{"object":"block","type":"section","data":{"isVisible":true},"nodes":[{"object":"block","type":"p","data":{},"nodes":[{"object":"text","leaves":[{"object":"leaf","text":"The content","marks":[]}]}]}]},{"object":"block","type":"section","data":{"isVisible":true},"nodes":[{"object":"block","type":"p","data":{},"nodes":[{"object":"text","leaves":[{"object":"leaf","text":"","marks":[]}]}]}]}]}},"createdAt":"2019-01-07T10:54:35.846Z"},{"_typeName":"User","id":"cjqm7kzfz00se0740wseb0g4k","name":"Bob the Teacher","updatedAt":"2019-01-07T10:54:10.791Z","isTeacher":true,"createdAt":"2019-01-07T10:54:10.791Z"}]}